{"text": "\u5982\u4f55\u8d70\u51fa\u81ea\u6211\u5167\u8017,\u627f\u8a8d\u81ea\u5df1\u7684\u60c5\u7dd2\u751f\u6c23\u662f\u6b63\u5e38\u7684,\u59d4\u5c48\u662f\u61c9\u8a72\u7684,\u4e0d\u723d\u8981\u8868\u9054,\u96e3\u8aaa\u8981\u8aaa\u51fa\u4f86\u5b78\u6703\u8868\u9054,\u4e0d\u597d\u7684\u8868\u9054\u4f60\u5011\u5929\u5929\u6539\u9700\u6c42\u7169\u4e0d\u7169\u554a,\u597d\u7684\u8868\u9054\u9019\u500b\u9700\u6c42\u6539\u52d5\u6bd4\u8f03\u5927,\u80fd\u4e0d\u80fd\u5148\u78ba\u5b9a\u5177\u9ad4\u65b9\u6848\u53bb\u627e\u5408\u9069\u7684\u65b9\u5f0f\u5c0d\u65bc\u654f\u611f\u7684\u554f\u984c,\u7d04\u500b\u665a\u5b89\u665a,\u6e9d\u901a\u5c0d\u65bc\u4e00\u500b\u516c\u958b\u554f\u984c,\u5728\u5ea7\u6703\u4e0a\u63d0\u51fa\u4f86\u5c0d\u65bc\u8907\u96dc\u554f\u984c,\u5beb\u500b\u6587\u6a94,\u8aaa\u660e\u6e05\u695a\u5c0d\u65bc\u60c5\u7dd2\u554f\u984c,\u627e\u5408\u9069\u7684\u4eba,\u50be\u8a34\u4e00\u4e9b\u5c0f\u5efa\u8b70,\u9047\u5230\u554f\u984c\u5148\u554f\u554f\u81ea\u5df1\u70ba\u4ec0\u9ebc\u4e0d\u958b\u5fc3,\u671f\u671b\u7684\u662f\u4ec0\u9ebc\u600e\u9ebc\u8aaa\u5c0d\u65b9\u624d\u80fd\u807d\u9032\u53bb,\u6709\u4ec0\u9ebc\u66f4\u597d\u7684\u89e3\u6c7a\u65b9\u6848\u7136\u5f8c\u6df1\u547c\u5438,\u6574\u7406\u601d\u8def,\u627e\u500b\u5408\u9069\u7684\u6642\u6a5f\u597d\u597d\u8aaa\u51fa\u4f86", "segments": [{"id": 0, "seek": 0, "start": 0.0, "end": 6.0, "text": "\u5982\u4f55\u8d70\u51fa\u81ea\u6211\u5167\u8017,\u627f\u8a8d\u81ea\u5df1\u7684\u60c5\u7dd2", "tokens": [50364, 43526, 9575, 7781, 9722, 1654, 28472, 4450, 245, 11, 3416, 123, 22041, 17645, 1546, 10570, 12608, 240, 50664], "temperature": 0.0, "avg_logprob": -0.13614861989758678, "compression_ratio": 1.2376237623762376, "no_speech_prob": 0.7505950927734375}, {"id": 1, "seek": 0, "start": 6.0, "end": 12.0, "text": "\u751f\u6c23\u662f\u6b63\u5e38\u7684,\u59d4\u5c48\u662f\u61c9\u8a72\u7684,\u4e0d\u723d\u8981\u8868\u9054,\u96e3\u8aaa\u8981\u8aaa\u51fa\u4f86", "tokens": [50664, 8244, 24090, 1541, 15789, 11279, 1546, 11, 44230, 9636, 230, 1541, 26087, 1546, 11, 1960, 8164, 121, 4275, 17571, 33086, 11, 21192, 4622, 4275, 4622, 29741, 50964], "temperature": 0.0, "avg_logprob": -0.13614861989758678, "compression_ratio": 1.2376237623762376, "no_speech_prob": 0.7505950927734375}, {"id": 2, "seek": 0, "start": 12.0, "end": 16.0, "text": "\u5b78\u6703\u8868\u9054,\u4e0d\u597d\u7684\u8868\u9054", "tokens": [50964, 21372, 6236, 17571, 33086, 11, 15769, 1546, 17571, 33086, 51164], "temperature": 0.0, "avg_logprob": -0.13614861989758678, "compression_ratio": 1.2376237623762376, "no_speech_prob": 0.7505950927734375}, {"id": 3, "seek": 0, "start": 16.0, "end": 20.0, "text": "\u4f60\u5011\u5929\u5929\u6539\u9700\u6c42\u7169\u4e0d\u7169\u554a,\u597d\u7684\u8868\u9054", "tokens": [51164, 19891, 6135, 6135, 34490, 32535, 32718, 17867, 102, 1960, 17867, 102, 4905, 11, 20715, 17571, 33086, 51364], "temperature": 0.0, "avg_logprob": -0.13614861989758678, "compression_ratio": 1.2376237623762376, "no_speech_prob": 0.7505950927734375}, {"id": 4, "seek": 0, "start": 20.0, "end": 24.0, "text": "\u9019\u500b\u9700\u6c42\u6539\u52d5\u6bd4\u8f03\u5927,\u80fd\u4e0d\u80fd\u5148\u78ba\u5b9a\u5177\u9ad4\u65b9\u6848", "tokens": [51364, 6287, 32535, 32718, 34490, 12572, 25174, 3582, 11, 8225, 28590, 10108, 24293, 12088, 39806, 23987, 9249, 28899, 51564], "temperature": 0.0, "avg_logprob": -0.13614861989758678, "compression_ratio": 1.2376237623762376, "no_speech_prob": 0.7505950927734375}, {"id": 5, "seek": 2400, "start": 24.0, "end": 28.0, "text": "\u53bb\u627e\u5408\u9069\u7684\u65b9\u5f0f", "tokens": [50364, 6734, 25085, 14245, 3330, 102, 1546, 9249, 27584, 50564], "temperature": 0.0, "avg_logprob": -0.08170107248667124, "compression_ratio": 1.3142857142857143, "no_speech_prob": 0.9202654361724854}, {"id": 6, "seek": 2400, "start": 28.0, "end": 32.0, "text": "\u5c0d\u65bc\u654f\u611f\u7684\u554f\u984c,\u7d04\u500b\u665a\u5b89\u665a,\u6e9d\u901a", "tokens": [50564, 2855, 19488, 7017, 237, 9709, 1546, 17197, 11, 30889, 3338, 27080, 16206, 27080, 11, 16084, 251, 19550, 50764], "temperature": 0.0, "avg_logprob": -0.08170107248667124, "compression_ratio": 1.3142857142857143, "no_speech_prob": 0.9202654361724854}, {"id": 7, "seek": 2400, "start": 32.0, "end": 36.0, "text": "\u5c0d\u65bc\u4e00\u500b\u516c\u958b\u554f\u984c,\u5728\u5ea7\u6703\u4e0a\u63d0\u51fa\u4f86", "tokens": [50764, 2855, 19488, 8990, 13545, 8949, 17197, 11, 3581, 6346, 100, 6236, 5708, 20949, 29741, 50964], "temperature": 0.0, "avg_logprob": -0.08170107248667124, "compression_ratio": 1.3142857142857143, "no_speech_prob": 0.9202654361724854}, {"id": 8, "seek": 2400, "start": 36.0, "end": 40.0, "text": "\u5c0d\u65bc\u8907\u96dc\u554f\u984c,\u5beb\u500b\u6587\u6a94,\u8aaa\u660e\u6e05\u695a", "tokens": [50964, 2855, 19488, 164, 97, 229, 6306, 250, 17197, 11, 4510, 104, 3338, 17174, 40741, 242, 11, 4622, 11100, 38433, 51164], "temperature": 0.0, "avg_logprob": -0.08170107248667124, "compression_ratio": 1.3142857142857143, "no_speech_prob": 0.9202654361724854}, {"id": 9, "seek": 2400, "start": 40.0, "end": 44.0, "text": "\u5c0d\u65bc\u60c5\u7dd2\u554f\u984c,\u627e\u5408\u9069\u7684\u4eba,\u50be\u8a34", "tokens": [51164, 2855, 19488, 10570, 12608, 240, 17197, 11, 25085, 14245, 3330, 102, 29979, 11, 11518, 122, 28953, 51364], "temperature": 0.0, "avg_logprob": -0.08170107248667124, "compression_ratio": 1.3142857142857143, "no_speech_prob": 0.9202654361724854}, {"id": 10, "seek": 2400, "start": 44.0, "end": 48.0, "text": "\u4e00\u4e9b\u5c0f\u5efa\u8b70,\u9047\u5230\u554f\u984c", "tokens": [51364, 38515, 7322, 34157, 24686, 11, 3330, 229, 4511, 17197, 51564], "temperature": 0.0, "avg_logprob": -0.08170107248667124, "compression_ratio": 1.3142857142857143, "no_speech_prob": 0.9202654361724854}, {"id": 11, "seek": 2400, "start": 48.0, "end": 52.0, "text": "\u5148\u554f\u554f\u81ea\u5df1\u70ba\u4ec0\u9ebc\u4e0d\u958b\u5fc3,\u671f\u671b\u7684\u662f\u4ec0\u9ebc", "tokens": [51564, 10108, 11361, 11361, 17645, 18987, 1960, 37809, 11, 16786, 22694, 24620, 7598, 51764], "temperature": 0.0, "avg_logprob": -0.08170107248667124, "compression_ratio": 1.3142857142857143, "no_speech_prob": 0.9202654361724854}, {"id": 12, "seek": 5200, "start": 52.0, "end": 56.0, "text": "\u600e\u9ebc\u8aaa\u5c0d\u65b9\u624d\u80fd\u807d\u9032\u53bb,\u6709\u4ec0\u9ebc\u66f4\u597d\u7684\u89e3\u6c7a\u65b9\u6848", "tokens": [50364, 11614, 4622, 2855, 9249, 18888, 8225, 21524, 18214, 6734, 11, 2412, 7598, 19002, 20715, 17278, 33540, 9249, 28899, 50564], "temperature": 0.0, "avg_logprob": -0.06023515825686247, "compression_ratio": 0.9921259842519685, "no_speech_prob": 0.4869097173213959}, {"id": 13, "seek": 5200, "start": 56.0, "end": 60.0, "text": "\u7136\u5f8c\u6df1\u547c\u5438,\u6574\u7406\u601d\u8def,\u627e\u500b\u5408\u9069\u7684\u6642\u6a5f", "tokens": [50564, 10213, 24043, 38718, 46431, 11, 27662, 13876, 8870, 24658, 11, 25085, 3338, 14245, 3330, 102, 1546, 6611, 17543, 50764], "temperature": 0.0, "avg_logprob": -0.06023515825686247, "compression_ratio": 0.9921259842519685, "no_speech_prob": 0.4869097173213959}, {"id": 14, "seek": 5200, "start": 60.0, "end": 62.0, "text": "\u597d\u597d\u8aaa\u51fa\u4f86", "tokens": [50764, 30164, 4622, 29741, 50864], "temperature": 0.0, "avg_logprob": -0.06023515825686247, "compression_ratio": 0.9921259842519685, "no_speech_prob": 0.4869097173213959}], "language": "zh"}